store_cd,store_name
3,柳川店
4,田村店
5,北九州空港ﾊﾞｲﾊﾟｽ店
6,宇美店
7,FC太陽本渡店
8,上津役店
9,豊前店
10,石田店
11,直方店
12,日田店
13,江南店
14,牛久店
15,宇佐店
16,方木田店
17,大槻店
18,塩川店
19,富田店
20,棚倉店
21,三重店
22,旧唐津店
23,宇都宮店
24,リンドマール店
25,旧八女店
26,旧日向店
27,新宮店
28,薬師台店
29,豊後高田店
30,南アルプス店
31,安積ﾊﾞｲﾊﾟｽ店
33,旧大田原店
34,宇部店
35,福重店
36,和白店
37,筑後店
38,酒々井店
39,二島店
40,浜田店
41,小月店
42,安中店
43,本庄店
44,西港店
45,神立店
46,朝倉店
47,結城店
48,ハマン店
49,飯塚店
50,上三緒店
51,倉敷店
52,松島店
53,舞松原店
54,東平尾店
56,長沼店
57,粕屋店
58,旧鹿島店
59,野間店
60,北茨城店
62,東篠崎店
65,久世橋店
66,田川店
67,福岡空港店
68,武庫川店
71,天神三丁目店
72,摂津南店
74,際波店
75,片江3丁目店
77,ギメ店
78,門司店
79,ネソ店
81,宇美光正寺店
82,桜ヶ丘店
83,伊万里店
84,武雄店
85,新下関店
86,ガンヤン店
87,大牟田店
88,児島店
90,東岡山店
91,寝屋川店
92,上尾本町店
94,千葉ニュータウン店
95,片縄東店
96,大村店
97,舞鶴2丁目店
99,八王子店
100,甘木店
101,みやき店
102,八千代店
103,旧名取店
105,恵庭店
106,藤野店
108,苫小牧店
109,篠路店
110,上磯店
111,厚別店
112,手稲店
113,伏古店
116,久留米店
120,八代店
121,佐知川店
122,菅谷店
123,防府店
126,わさだ店
127,出雲店
128,別府店
130,八女店
131,上峰店
132,西那須野店
134,野幌店
135,中津店
141,北越谷店
142,FCタイヨー牛深店
143,甲府昭和店
145,神楽店
147,益子店
148,市貝店
149,喜久田店
151,八幡宿店
152,千葉みなと店
154,三日月店
155,小見川店
156,韮崎店
157,水巻店
158,遠賀店
159,リフェイズ八千代店
160,那須塩原店
161,ミルヤン店
162,藤沢羽鳥店
164,宝来店
165,神保原店
166,リフェイズ神保原店
168,谷田部店
169,リフェイズ南ｱﾙﾌﾟｽ店
170,宇土店
171,千葉岬店
172,北美原店
173,高砂２丁目店
175,笠懸店
176,琴浦店
178,宗像店
179,多の津店
180,永山店
182,T&Fハマン店
183,シャドン1号店
184,佐世保大和店
185,天神親富孝通り店
186,トライウェル旭店
187,アクロス福岡前店
188,天神北店
190,T&Fミルヤン店
192,T&Fキャンヤン店
194,騎西店
195,清水店
197,ヨンチェン店
198,益浦店
199,別保店
203,あすみが丘店
210,行橋店
211,太田由良店
212,久喜本町店
213,石岡東光台店
219,ザドン２号店
220,デサン店
223,基山店
224,チェソン１号店
225,ジェソン2号店
226,西花輪店
227,松江店
228,月隈店
230,江別大麻店
231,筑西店
232,深谷店
235,重留店
236,田原本店
237,小林店
238,下松店
240,トライウェル鉾田店
241,大成店
246,トライウェル東金求名店
250,小山店
251,名取美田園店
252,富丘店
253,三股店
254,トライウェル野田店
256,和泉店
261,館林店
263,高崎中泉店
267,桜井店
268,下妻店
269,田川後藤寺店
270,半田亀崎店
273,大和小泉店
276,岐南店
277,トライウェル稲毛店
278,トライウェル銚子店
281,トライウェル那珂店
282,八幡東田店
284,宮崎恒久店
286,盛岡青山店
296,水沢上姉体店
297,盛岡西バイパス店
298,鳥取千代水店
299,四日市富田店
300,久留米上津店
301,サイオス入間店
302,滋賀大津店
306,周南店
307,トライウェル大子店
308,松阪店
309,門司片上海岸店
310,小竹店
311,二色浜店
312,笠間店
315,苅田店
316,苫小牧東店
317,千歳清流店
318,登別栄町店
319,りんくうタウン店
320,下郡店
321,米子大谷店
322,手稲星置店
323,岩見沢店
324,安八店
325,北見中ノ島店
326,つくば学園都市店
327,釧路川端店
328,姫路店
329,大竹店
330,八戸店
331,諫早店
333,東九条店
334,出雲斐川店
335,トライウェル馬頭店
336,玉垣店
337,トライウェル稲築店
338,トライウェル春日公園店
340,八街店
341,津藤方店
343,北上店
344,東開店
345,明治屋新宮店
346,トライウェル矢板店
347,島原店
348,旭川口店
349,境港店
350,彦根松原店
353,ＴＲＩＤＲＵＧ_ＧＯ_池尻店
354,唐津中原店
356,明治屋若宮GC店
357,宇部中央店
361,トライウェル桜川店
362,鞍手店
363,大刀洗店
364,名取店
367,彦根店
368,石下店
369,那珂川店
371,トライウェル目尾店
372,トライウェル八街北店
373,トライウェル小山犬塚店
375,出雲白枝店
376,四日市南店
377,東岐波店
379,寝屋川大成店
380,西都店
383,隼人店
384,大津店
385,鹿島店
386,久保店
387,阪南店
388,時津店
390,叶店
391,三国が丘駅東口店
392,トライアルクイック多の津店
393,福智店
394,大道店
395,明石西インター店
396,恵庭島松店
397,大田原店
398,行橋上津熊店
399,武雄富岡店
400,アイランドシティ店
401,益田店
402,益子店
403,柳川西蒲池店
404,宇城店
405,新富店
406,湖南店
407,鹿屋店
408,茂木店
410,近江八幡店
411,柳井店
412,上里店
415,板倉店
416,新八代駅前店
417,幸田店
419,出水黄金店
421,小樽朝里店
422,養父店
423,岐南八剣店
426,成田店
428,玉津店
429,屯田店
430,トライアルクイック大野城店
431,秦野店
436,唐津店
437,伊勢店
440,雲南店
442,ひたちなか店
443,千代田店
445,敷戸店
446,間々田店
447,水戸南店
451,江戸川台店
452,大町店
453,山鹿店
454,三田店
456,箕面森町店
457,日南店
458,月寒店
459,十和田店
460,嬉野店
462,橿原店
463,都農店
464,寒川大曲店
465,滝沢店
466,桜井粟殿店
467,御所店
468,桂川店
469,関店
472,東水巻店
473,須恵店
474,長府店
475,伊勢崎店
476,オートピット多の津店
477,帯広東店
478,みえ朝日店
479,日向日知屋店
480,天理店
481,富田林店
482,苫小牧西店
483,日向店
486,今宿店
488,花巻店
490,かすみがうら店
496,春日桜ケ丘店
497,オーキッドパーク店
499,ラストワンマイル白鳥店
502,曰佐店
503,おいらせ店
507,上熊本店
526,FC広田店
528,ラストワンマイルMUSUBU_AI店
529,名古屋茶屋店
530,大野城まどかぴあ前店
531,宮田店
532,筑紫野店
533,旭川店
540,中間店
541,TRIAL_GO_脇田店
542,グロッサリア脇田店
546,郡山八山田店
547,草津矢橋店
551,伊勢崎中央店
555,赤穂店
558,鳥取大杙店
559,伊達保原店
560,原田1丁目店
561,戸畑小芝店
562,今泉2丁目店
565,下曽根駅南店
567,藤崎駅前店
569,加治木店
570,幕別店
571,新発寒店
572,足利店
573,グロッサリア小倉足立店
574,中洲川端店
579,岩出店
581,都城都北店
582,北見並木店
583,片縄9丁目店
584,塩原3丁目店
585,TRIALGO多の津店
586,琴似店
590,比恵町店
592,志免南里店
596,岩木店
602,下町店
603,城東店
604,広田店
605,五所川原新宮店
606,金木店
607,木造店
608,森田店
609,板柳店
622,浪岡店
623,平川尾上店
624,平賀店
625,むつ新町店
629,常盤店
631,大原店
632,相馬店
633,高杉店
634,浜の町店
635,イオンモール下田店
637,芦屋山鹿店
638,中曽根5丁目店
639,NEXMART_01_GO店
652,戸畑一枝店
653,篠栗尾仲店
659,尾ノ上店
662,坂ノ市店
667,丸亀店
668,飯塚幸袋店
669,小郡大保店
673,麦野５丁目店
675,古賀花見店
677,下関生野店
689,宮若福丸店
690,大府店
691,カーズ多の津本店
692,TRIALCARS_須惠店
693,TRIALCARS_飯塚店
695,前橋日吉町２丁目店
697,富山マイプラザ店
698,佐賀大和店
699,利府店
702,室蘭東店
706,皆春店
707,野々市店
709,別府3丁目店
710,前橋下石倉町店
711,加納店
712,塩釜店
713,善通寺店
716,守口ジャガータウン店
717,糸島荻浦店
718,アクロスプラザ篠栗店
719,錦ケ丘店
720,TRIALCARS_田川川崎店
723,室蘭本輪西店
726,大和まほろば店
727,浜松若林店
728,桜の郷店
729,上毛店
734,グランディールイチイ店
735,小樽塩谷店
736,飯塚庄内店
737,益城台店
738,戸畑浅生店
739,荒尾店
740,富岡バイパス店
741,藤岡宮本店
742,高宮1丁目店
744,亘理店
745,三豊店
746,今川2丁目店
747,上尾小泉店
748,鹿屋上野町店
749,砂川店
750,佐世保大塔店
751,大田店
754,福津店
755,掛川店
758,三木店
761,東長崎店
763,岡山豊浜店
767,鹿沼店
769,南相馬店
770,平群店
771,西条店
773,佐々店
774,板野店
775,西大和店
776,指宿店
783,西荻窪駅北店
784,富士見台駅北店
785,花小金井店
786,東松山店
787,小笹4丁目店
797,中野中央5丁目店
798,笹塚駅西店
952,グロッサリア新宮店
955,西友ひばりヶ丘店
956,西友東陽町店
957,西友三軒茶屋店
958,西友安城店
960,SGD博多駅東店